gene,sentence
1,tiny cracks
2,tiny cracks
3,irregular pores
4,irregular pores
5,large cracks
6,large cracks
7,large pores
8,large pores
9,small pores
10,small pores
141,a thin line which is  broken but not separated into pieces on the surface of smoth reddish surface with uniformly distributed small red dots of nano partics
142,a very narrow space or opening between two things or two parts of
143,triggered by highly concentrated thermal stress around micro-pores during high temperature printing and sudden cooling of composite polymer printing
241,a thin line that is broken but not separated into pieces on the surface of rough sandy sarface with evenly distributed small bumps
242,a very narrow space or opening between two things or two parts of
243,caused by highly concentrated thermal stress around micro-pores during high energy density in selective laser melting of metallic glass composites 
341,"hole, cavity, excavation refer to a hollow place in anything"
342,"is a term used to describe the porosity, hole size and pore morphology of a porous medium on a raugh uneven surface with irregualr strips during polymer composite printing "
343,caused by uneven mixture or existance of gas during extrusion process which creat black irregular cavity 
441,"hole, cavity, excavation refer to a hollow place in anything"
442,"is a term used to describe the porosity, hole size and pore morphology of a porous medium on a smoth surface with unevenly distributed black and white dots"
443,An irregular cavity casued by non uniform heating during high energy density (ED) input to the material surface during laser powder bed fusion of iron alloy
541,separation on a reddish surface with non uniform raugh surface 
542,a wide space or opening between two things or two parts of a manufactured product
543,"closely related to other defects like poresity,  essentially dependent on process temperature, occur during solidification or subsequent heating "
641, an irregular zigzag line in the surface that is broken but not separated into pieces during selective laser melting of steel product
642,a wide space or opening between two things or two parts of a smoth redish manufactured product
643,"cracks may relate to other defects, including porosity, highly related to process temperature, occur during solidification or subsequent heating "
741,"hole, cavity, excavation refer to a hollow  on the surface of smoth reddish surface with uniformly distributed small red dots of nano partics"
742,"is a general term used to describe the porosity, hole size, hole size distribution, and pore morphology of a porous medium"
743,caused by the presence of air bubbles in a poorly mixed solution  during high tempreature printing of polymer composits 
841,"a large black hole, cavity, excavation on a sandy grey surface of matal printed surface by selective laser melting "
842,"is a general term used to describe the porosity, hole size, hole size distribution, and pore morphology of a porous medium"
843," caused by unmelted powder or presence of oxides, moisture content."
941,"tiny hole, cavity, excavation refer to a hollow the surface of rough brownish surface with uniformly distributed tiny crates caused by air bubbles on the srface "
942,"is a general term used to describe the porosity, hole size, hole size distribution, and pore morphology of a porous medium"
943,caused by the presence of air bubbles in a poorly mixed solution  during low temperature printing of polymer composits 
1041,"hole, cavity, excavation refer to a hollow place in anything"
1042,"is a general term used to describe the porosity, hole size, hole size distribution, and pore morphology of a porous medium"
1043,caused by the presence of air bubbles in a poorly mixed solution  during low temperature printing of polymer composits 
